ctry_name,iso3_code
Afghanistan,AFG
Albania,ALB
Algeria,DZA
American Samoa,ASM
Andorra,AND
Angola,AGO
Anguila,AIA
Antigua and Barbuda,ATG
Argentina,ARG
Armenia,ARM
Aruba,ABW
Australia,AUS
Austria,AUT
Azerbaijan,AZE
"Bahamas, The",BHS
Bahrain,BHR
Bangladesh,BGD
Barbados,BRB
Belarus,BLR
Belgium,BEL
Belgium-Luxembourg,BLX
Belize,BLZ
Benin,BEN
Bermuda,BMU
Bhutan,BTN
Bolivia,BOL
Bosnia and Herzegovina,BIH
Botswana,BWA
Br. Antr. Terr,BAT
Brazil,BRA
British Indian Ocean Ter.,IOT
British Virgin Islands,VGB
Brunei,BRN
Bulgaria,BGR
Burkina Faso,BFA
Burundi,BDI
Cambodia,KHM
Cameroon,CMR
Canada,CAN
Cape Verde,CPV
Cayman Islands,CYM
Central African Republic,CAF
Chad,TCD
Chile,CHL
China,CHN
Christmas Island,CXR
Cocos (Keeling) Islands,CCK
Colombia,COL
Comoros,COM
"Congo, Dem. Rep.",ZAR
"Congo, Rep.",COG
Cook Islands,COK
Costa Rica,CRI
Cote d'Ivoire,CIV
Croatia,HRV
Cuba,CUB
Cyprus,CYP
Czech Republic,CZE
Czechoslovakia,CSK
Denmark,DNK
Djibouti,DJI
Dominica,DMA
Dominican Republic,DOM
East Timor,TMP
Ecuador,ECU
"Egypt, Arab Rep.",EGY
El Salvador,SLV
Equatorial Guinea,GNQ
Eritrea,ERI
Estonia,EST
Ethiopia (excludes Eritrea),ETH
Ethiopia (includes Eritrea),ETF
European Union,EUN
Faeroe Islands,FRO
Falkland Island,FLK
Fiji,FJI
Finland,FIN
Fm Panama Cz,PCZ
Fm Rhod Nyas,ZW1
Fm Tanganyik,TAN
Fm Vietnam Dr,VDR
Fm Vietnam Rp,SVR
Fm Zanz-Pemb,ZPM
Fr. So. Ant. Tr,ATF
France,FRA
Free Zones,FRE
French Guiana,GUF
French Polynesia,PYF
Gabon,GAB
"Gambia, The",GMB
Gaza Strip,GAZ
Georgia,GEO
German Democratic Republic,DDR
Germany,DEU
Ghana,GHA
Gibraltar,GIB
Greece,GRC
Greenland,GRL
Grenada,GRD
Guadeloupe,GLP
Guam,GUM
Guatemala,GTM
Guinea,GIN
Guinea-Bissau,GNB
Guyana,GUY
Haiti,HTI
Holy See,VAT
Honduras,HND
"Hong Kong, China",HKG
Hungary,HUN
Iceland,ISL
India,IND
Indonesia,IDN
"Iran, Islamic Rep.",IRN
Iraq,IRQ
Ireland,IRL
Israel,ISR
Italy,ITA
Jamaica,JAM
Japan,JPN
Jhonston Island,JTN
Jordan,JOR
Kazakhstan,KAZ
Kenya,KEN
Kiribati,KIR
"Korea, Dem. Rep.",PRK
"Korea, Rep.",KOR
Kuwait,KWT
Kyrgyz Republic,KGZ
Lao PDR,LAO
Latvia,LVA
Lebanon,LBN
Lesotho,LSO
Liberia,LBR
Libya,LBY
Liechtenstein,LIE
Lithuania,LTU
Luxembourg,LUX
Macao,MAC
"Macedonia, FYR",MKD
Madagascar,MDG
Malawi,MWI
Malaysia,MYS
Maldives,MDV
Mali,MLI
Malta,MLT
Marshall Islands,MHL
Martinique,MTQ
Mauritania,MRT
Mauritius,MUS
Mexico,MEX
"Micronesia, Fed. Sts.",FSM
Midway Islands,MID
Moldova,MDA
Monaco,MCO
Mongolia,MNG
Montserrat,MSR
Morocco,MAR
Mozambique,MOZ
Myanmar,MMR
Namibia,NAM
Nauru,NRU
Nepal,NPL
Netherlands,NLD
Netherlands Antilles,ANT
Neutral Zone,NZE
New Caledonia,NCL
New Zealand,NZL
Nicaragua,NIC
Niger,NER
Nigeria,NGA
Niue,NIU
Norfolk Island,NFK
Northern Mariana Islands,MNP
Norway,NOR
Oman,OMN
Pacific Islands,PCE
Pakistan,PAK
Palau,PLW
Panama,PAN
Papua New Guinea,PNG
Paraguay,PRY
Pen Malaysia,PMY
Peru,PER
Philippines,PHL
Pitcairn,PCN
Poland,POL
Portugal,PRT
Puerto Rico,PRI
Qatar,QAT
Reunion,REU
Romania,ROM
Russian Federation,RUS
Rwanda,RWA
Ryukyu Is,RYU
Sabah,SBH
Saint Helena,SHN
Saint Kitts-Nevis-Anguilla-Aru,KN1
Saint Pierre and Miquelon,SPM
Samoa,WSM
San Marino,SMR
Sao Tome and Principe,STP
Sarawak,SWK
Saudi Arabia,SAU
Senegal,SEN
Seychelles,SYC
Sierra Leone,SLE
SIKKIM,SIK
Singapore,SGP
Slovak Republic,SVK
Slovenia,SVN
Solomon Islands,SLB
Somalia,SOM
South Africa,ZAF
Soviet Union,SVU
Spain,ESP
Special Categories,SPE
Sri Lanka,LKA
St. Kitts and Nevis,KNA
St. Lucia,LCA
St. Vincent and the Grenadines,VCT
Sudan,SDN
Suriname,SUR
Svalbard and Jan Mayen Is,SJM
Swaziland,SWZ
Sweden,SWE
Switzerland,CHE
Syrian Arab Republic,SYR
Taiwan,TWN
Tajikistan,TJK
Tanzania,TZA
Thailand,THA
Togo,TGO
Tokelau,TKL
Tonga,TON
Trinidad and Tobago,TTO
Tunisia,TUN
Turkey,TUR
Turkmenistan,TKM
Turks and Caicos Isl.,TCA
Tuvalu,TUV
Uganda,UGA
Ukraine,UKR
United Arab Emirates,ARE
United Kingdom,GBR
United States,USA
Unspecified,UNS
Uruguay,URY
Us Msc.Pac.I,USP
Uzbekistan,UZB
Vanuatu,VUT
Venezuela,VEN
Vietnam,VNM
Virgin Islands (U.S.),VIR
Wake Island,WAK
Wallis and Futura Isl.,WLF
Western Sahara,ESH
World,WLD
Yemen Democratic,YDR
"Yemen, Rep.",YEM
Yugoslavia,SER
"Yugoslavia, FR (Serbia/Montene",YUG
Zambia,ZMB
Zimbabwe,ZWE